segment_type,segment_value,customers,repeat_rate_90d,avg_lifetime_revenue
traffic_source,Display,2182,0.06049495875343717,121.22328150349693
traffic_source,Search,38698,0.06051992351025914,123.38154438854473
traffic_source,Facebook,3313,0.05553878659824928,118.7312406620718
traffic_source,Organic,8171,0.058621955696977146,123.0049407661301
traffic_source,Email,2789,0.05736823234134102,119.2007710168163
first_order_category,Accessories,2736,0.06980994152046784,100.63154243299469
first_order_category,Pants,2294,0.06102877070619011,122.7726287797107
first_order_category,Intimates,3751,0.06238336443615029,81.48927226529936
first_order_category,Fashion Hoodies & Sweatshirts,3718,0.05917159763313601,110.2261243485967
first_order_category,Maternity,1570,0.06369426751592365,105.90056049876922
first_order_category,Pants & Capris,1132,0.05477031802120148,113.17683781372777
first_order_category,Swim,3519,0.05541346973572033,114.70728061029152
first_order_category,Outerwear & Coats,3436,0.06373690337601867,223.599493519391
first_order_category,Suits & Sport Coats,1830,0.058469945355191254,209.8679125077086
first_order_category,Tops & Tees,3280,0.06341463414634156,96.43615569777636
first_order_category,Jeans,4496,0.055160142348754486,168.84153938834334
first_order_category,Active,2631,0.05777270999619912,112.68672756785165
first_order_category,Sleep & Lounge,3260,0.057361963190184044,103.85296338365708
first_order_category,Socks,1481,0.05874409182984464,62.78925054062069
first_order_category,Dresses,1766,0.05775764439411099,151.66158575028774
first_order_category,Blazers & Jackets,1034,0.05802707930367503,169.21144137968176
first_order_category,Sweaters,3719,0.05619790266200587,142.7216268349287
first_order_category,Shorts,3303,0.06448683015440516,98.12427818627208
first_order_category,Underwear,1878,0.06602768903088399,71.87432381164783
first_order_category,Plus,1178,0.059422750424448174,90.0069780012748
first_order_category,Skirts,677,0.05169867060561303,108.03803561183796
first_order_category,Socks & Hosiery,841,0.05469678953626632,50.89036864786455
first_order_category,Suits,439,0.07289293849658326,195.1252622088432
first_order_category,Leggings,833,0.05402160864345742,76.59080432156827
first_order_category,Jumpsuits & Rompers,257,0.027237354085603127,101.78821034190257
first_order_category,Clothing Sets,94,0.04255319148936172,143.2613830160587
age_band,18-24,12195,0.05977859778597767,122.38853802549973
age_band,25-34,9392,0.06239352640545132,122.72843071300902
age_band,35-44,9603,0.061439133604082,122.4495252718563
age_band,45-54,9184,0.059995644599303094,122.454685427508
age_band,55+,14779,0.056905068001894474,123.43926260494699
